year,artist,album,is_winner
1992,"Primal Scream","Screamadelica",1
1992,"Barry Adamson","Soul Murder",0
1992,"Jah Wobble's Invaders of the Heart","Rising Above Bedlam",0
1992,"The Jesus and Mary Chain","Honey's Dead",0
1992,"Bheki Mseleku","Celebration",0
1992,"Saint Etienne","Foxbase Alpha",0
1992,"Simply Red","Stars",0
1992,"U2","Achtung Baby",0
1992,"John Tavener and  Steven Isserlis","The Protecting Veil",0
1992,"Young Disciples","Road to Freedom",0
1993,"Suede","Suede",1
1993,"Apache Indian","No Reservations",0
1993,"The Auteurs","New Wave",0
1993,"Gavin Bryars","Jesus' Blood Never Failed Me Yet",0
1993,"Dina Carroll","So Close",0
1993,"PJ Harvey","Rid of Me",0
1993,"New Order","Republic",0
1993,"Stereo MCs","Connected",0
1993,"Sting","Ten Summoner's Tales",0
1993,"Stan Tracey","Portraits Plus",0
1994,"M People","Elegant Slumming",1
1994,"Blur","Parklife",0
1994,"Ian McNabb","Head Like a Rock",0
1994,"Shara Nelson","What Silence Knows",0
1994,"Michael Nyman","The Piano Concerto/MGV",0
1994,"The Prodigy","Music for the Jilted Generation",0
1994,"Pulp","His 'n' Hers",0
1994,"Take That","Everything Changes",0
1994,"Therapy?","Troublegum",0
1994,"Paul Weller","Wild Wood",0
1995,"Portishead","Dummy",1
1995,"Guy Barker","Into the Blue",0
1995,"Elastica","Elastica",0
1995,"PJ Harvey","To Bring You My Love",0
1995,"Leftfield","Leftism",0
1995,"James MacMillan","Seven Last Words from the Cross",0
1995,"Van Morrison","Days Like This",0
1995,"Oasis","Definitely Maybe",0
1995,"Supergrass","I Should Coco",0
1995,"Tricky","Maxinquaye",0
1996,"Pulp","Different Class",1
1996,"Artists for War Child","Help",0
1996,"Black Grape","It's Great When You're Straight... Yeah",0
1996,"Peter Maxwell Davies/BBC Philharmonic","The Beltane Fire / Caroline Mathilde",0
1996,"Manic Street Preachers","Everything Must Go",0
1996,"Mark Morrison","Return of the Mack",0
1996,"Oasis","(What's the Story) Morning Glory?",0
1996,"Courtney Pine","Modern Day Jazz Stories",0
1996,"Underworld","Second Toughest in the Infants",0
1996,"Norma Waterson","Norma Waterson",0
1997,"Roni Size & Reprazent","New Forms",1
1997,"The Chemical Brothers","Dig Your Own Hole",0
1997,"Beth Orton","Trailer Park",0
1997,"Primal Scream","Vanishing Point",0
1997,"The Prodigy","The Fat of the Land",0
1997,"Radiohead","OK Computer",0
1997,"Spice Girls","Spice",0
1997,"Suede","Coming Up",0
1997,"John Tavener","Svyati",0
1997,"Mark-Anthony Turnage","Your Rockaby",0
1998,"Gomez","Bring It On",1
1998,"4hero","Two Pages",0
1998,"Asian Dub Foundation","Rafi's Revenge",0
1998,"Eliza Carthy","Red Rice",0
1998,"Catatonia","International Velvet",0
1998,"Cornershop","When I Was Born for the 7th Time",0
1998,"Massive Attack","Mezzanine",0
1998,"Propellerheads","Decksandrumsandrockandroll",0
1998,"Pulp","This Is Hardcore",0
1998,"John Surman","Proverbs and Songs",0
1998,"The Verve","Urban Hymns",0
1998,"Robbie Williams","Life thru a Lens",0
1999,"Talvin Singh","Ok",1
1999,"Thomas Adès","Asyla",0
1999,"Denys Baptiste","Be Where You Are",0
1999,"Black Star Liner","Bengali Bantam Youth Experience!",0
1999,"Blur","13",0
1999,"The Chemical Brothers","Surrender",0
1999,"Faithless","Sunday 8PM",0
1999,"Manic Street Preachers","This Is My Truth Tell Me Yours",0
1999,"Beth Orton","Central Reservation",0
1999,"Kate Rusby","Sleepless",0
1999,"Stereophonics","Performance and Cocktails",0
1999,"Underworld","Beaucoup Fish",0
2000,"Badly Drawn Boy","The Hour of Bewilderbeast",1
2000,"Richard Ashcroft","Alone with Everybody",0
2000,"Coldplay","Parachutes",0
2000,"MJ Cole","Sincere",0
2000,"Death in Vegas","The Contino Sessions",0
2000,"The Delgados","The Great Eastern",0
2000,"Doves","Lost Souls",0
2000,"Helicopter Girl","How to Steal the World",0
2000,"Leftfield","Rhythm and Stealth",0
2000,"Nicholas Maw","Violin Concerto",0
2000,"Nitin Sawhney","Beyond Skin",0
2000,"Kathryn Williams","Little Black Numbers",0
2001,"PJ Harvey","Stories from the City, Stories from the Sea",1
2001,"Basement Jaxx","Rooty",0
2001,"Elbow","Asleep in the Back",0
2001,"Goldfrapp","Felt Mountain",0
2001,"Gorillaz","Gorillaz (nomination withdrawn at the request of the band)[50]",0
2001,"Ed Harcourt","Here Be Monsters",0
2001,"Tom McRae","Tom McRae",0
2001,"Radiohead","Amnesiac",0
2001,"Susheela Raman","Salt Rain",0
2001,"Super Furry Animals","Rings Around the World",0
2001,"Turin Brakes","The Optimist LP",0
2001,"Zero 7","Simple Things",0
2002,"Ms. Dynamite","A Little Deeper",1
2002,"Guy Barker","Soundtrack",0
2002,"The Bees","Sunshine Hit Me",0
2002,"David Bowie","Heathen",0
2002,"The Coral","The Coral",0
2002,"Doves","The Last Broadcast",0
2002,"The Electric Soft Parade","Holes in the Wall",0
2002,"Gemma Hayes","Night on My Side",0
2002,"Beverley Knight","Who I Am",0
2002,"Roots Manuva","Run Come Save Me",0
2002,"Joanna MacGregor","Play",0
2002,"The Streets","Original Pirate Material",0
2003,"Dizzee Rascal","Boy in da Corner",1
2003,"Athlete","Vehicles and Animals",0
2003,"Eliza Carthy","Anglicana",0
2003,"Coldplay","A Rush of Blood to the Head",0
2003,"The Darkness","Permission to Land",0
2003,"Floetry","Floetic",0
2003,"Soweto Kinch","Conversations with the Unseen",0
2003,"Lemon Jelly","Lost Horizons",0
2003,"The Thrills","So Much for the City",0
2003,"Martina Topley-Bird","Quixotic",0
2003,"Radiohead","Hail to the Thief",0
2003,"Terri Walker","Untitled",0
2004,"Franz Ferdinand","Franz Ferdinand",1
2004,"Basement Jaxx","Kish Kash",0
2004,"Belle & Sebastian","Dear Catastrophe Waitress",0
2004,"Jamelia","Thank You",0
2004,"Keane","Hopes and Fears",0
2004,"Snow Patrol","Final Straw",0
2004,"Joss Stone","The Soul Sessions",0
2004,"The Streets","A Grand Don't Come for Free",0
2004,"Ty","Upwards",0
2004,"Amy Winehouse","Frank",0
2004,"Robert Wyatt","Cuckooland",0
2004,"The Zutons","Who Killed...... The Zutons?",0
2005,"Antony and the Johnsons","I Am a Bird Now",1
2005,"Bloc Party","Silent Alarm",0
2005,"Coldplay","X&Y",0
2005,"Hard-Fi","Stars of CCTV",0
2005,"Kaiser Chiefs","Employment",0
2005,"KT Tunstall","Eye to the Telescope",0
2005,"M.I.A.","Arular",0
2005,"Maxïmo Park","A Certain Trigger",0
2005,"Polar Bear","Held on the Tips of Fingers",0
2005,"Seth Lakeman","Kitty Jay",0
2005,"The Go! Team","Thunder, Lightning, Strike",0
2005,"The Magic Numbers","The Magic Numbers",0
2006,"Arctic Monkeys","Whatever People Say I Am, That's What I'm Not",1
2006,"Isobel Campbell and Mark Lanegan","Ballad of the Broken Seas",0
2006,"Editors","The Back Room",0
2006,"Guillemots","Through the Windowpane",0
2006,"Richard Hawley","Coles Corner",0
2006,"Hot Chip","The Warning",0
2006,"Muse","Black Holes & Revelations",0
2006,"Zoe Rahman","Melting Pot",0
2006,"Lou Rhodes","Beloved One",0
2006,"Scritti Politti","White Bread Black Beer",0
2006,"Sway","This Is My Demo",0
2006,"Thom Yorke","The Eraser",0
2007,"Klaxons","Myths of the Near Future",1
2007,"Arctic Monkeys","Favourite Worst Nightmare",0
2007,"Basquiat Strings with Seb Rochford","Basquiat Strings",0
2007,"Bat for Lashes","Fur and Gold",0
2007,"Dizzee Rascal","Maths + English",0
2007,"Maps","We Can Create",0
2007,"New Young Pony Club","Fantastic Playroom",0
2007,"Fionn Regan","The End of History",0
2007,"Jamie T","Panic Prevention",0
2007,"The View","Hats Off to the Buskers",0
2007,"Amy Winehouse","Back to Black",0
2007,"Young Knives","Voices of Animals and Men",0
2008,"Elbow","The Seldom Seen Kid",1
2008,"Adele","19",0
2008,"British Sea Power","Do You Like Rock Music?",0
2008,"Burial","Untrue",0
2008,"Estelle","Shine",0
2008,"The Last Shadow Puppets","The Age of the Understatement",0
2008,"Laura Marling","Alas, I Cannot Swim",0
2008,"Neon Neon","Stainless Style",0
2008,"Robert Plant & Alison Krauss","Raising Sand",0
2008,"Portico Quartet","Knee Deep in the North Sea",0
2008,"Radiohead","In Rainbows",0
2008,"Rachel Unthank and the Winterset","The Bairns",0
2009,"Speech Debelle","Speech Therapy",1
2009,"Bat for Lashes","Two Suns",0
2009,"Florence and the Machine","Lungs",0
2009,"Friendly Fires","Friendly Fires",0
2009,"Glasvegas","Glasvegas",0
2009,"Lisa Hannigan","Sea Sew",0
2009,"The Horrors","Primary Colours",0
2009,"The Invisible","The Invisible",0
2009,"Kasabian","West Ryder Pauper Lunatic Asylum",0
2009,"La Roux","La Roux",0
2009,"Led Bib","Sensible Shoes",0
2009,"Sweet Billy Pilgrim","Twice Born Men",0
2010,"The xx","xx",1
2010,"Corinne Bailey Rae","The Sea",0
2010,"Biffy Clyro","Only Revolutions",0
2010,"Dizzee Rascal","Tongue n' Cheek",0
2010,"Foals","Total Life Forever",0
2010,"I Am Kloot","Sky at Night",0
2010,"Kit Downes Trio","Golden",0
2010,"Laura Marling","I Speak Because I Can",0
2010,"Mumford & Sons","Sigh No More",0
2010,"Villagers","Becoming a Jackal",0
2010,"Paul Weller","Wake Up the Nation",0
2010,"Wild Beasts","Two Dancers",0
2011,"PJ Harvey","Let England Shake",1
2011,"Adele","21",0
2011,"James Blake","James Blake",0
2011,"Anna Calvi","Anna Calvi",0
2011,"Elbow","Build a Rocket Boys!",0
2011,"Everything Everything","Man Alive",0
2011,"Ghostpoet","Peanut Butter Blues & Melancholy Jam",0
2011,"Katy B","On a Mission",0
2011,"King Creosote & Jon Hopkins","Diamond Mine",0
2011,"Metronomy","The English Riviera",0
2011,"Gwilym Simcock","Good Days At Schloss Elmau",0
2011,"Tinie Tempah","Disc-Overy",0
2012,"alt-J","An Awesome Wave",1
2012,"Django Django","Django Django",0
2012,"Field Music","Plumb",0
2012,"Richard Hawley","Standing at the Sky's Edge",0
2012,"Ben Howard","Every Kingdom",0
2012,"Michael Kiwanuka","Home Again",0
2012,"Lianne La Havas","Is Your Love Big Enough?",0
2012,"Sam Lee","Ground of its Own",0
2012,"The Maccabees","Given to the Wild",0
2012,"Plan B","ill Manors",0
2012,"Roller Trio","Roller Trio",0
2012,"Jessie Ware","Devotion",0
2013,"James Blake","Overgrown",1
2013,"Arctic Monkeys","AM",0
2013,"David Bowie","The Next Day",0
2013,"Jake Bugg","Jake Bugg",0
2013,"Disclosure","Settle",0
2013,"Foals","Holy Fire",0
2013,"Jon Hopkins","Immunity",0
2013,"Laura Marling","Once I Was an Eagle",0
2013,"Laura Mvula","Sing to the Moon",0
2013,"Rudimental","Home",0
2013,"Savages","Silence Yourself",0
2013,"Villagers","Awayland",0
2014,"Young Fathers","Dead",1
2014,"Damon Albarn","Everyday Robots",0
2014,"Bombay Bicycle Club","So Long, See You Tomorrow",0
2014,"Anna Calvi","One Breath",0
2014,"East India Youth","Total Strife Forever",0
2014,"FKA Twigs","LP1",0
2014,"GoGo Penguin","V2.0",0
2014,"Jungle","Jungle",0
2014,"Nick Mulvey","First Mind",0
2014,"Polar Bear","In Each and Every One",0
2014,"Royal Blood","Royal Blood",0
2014,"Kae Tempest","Everybody Down",0
2015,"Benjamin Clementine","At Least for Now",1
2015,"Aphex Twin","Syro",0
2015,"Gaz Coombes","Matador",0
2015,"C Duncan","Architect",0
2015,"Eska","Eska",0
2015,"Florence and the Machine","How Big, How Blue, How Beautiful",0
2015,"Ghostpoet","Shedding Skin",0
2015,"Róisín Murphy","Hairless Toys",0
2015,"Slaves","Are You Satisfied?",0
2015,"Soak","Before We Forgot How to Dream",0
2015,"Wolf Alice","My Love Is Cool",0
2015,"Jamie xx","In Colour",0
2016,"Skepta","Konnichiwa",1
2016,"Anohni","Hopelessness",0
2016,"Bat for Lashes","The Bride",0
2016,"David Bowie","Blackstar",0
2016,"The Comet Is Coming","Channel the Spirits",0
2016,"Kano","Made in the Manor",0
2016,"Michael Kiwanuka","Love & Hate",0
2016,"Laura Mvula","The Dreaming Room",0
2016,"The 1975","I Like It When You Sleep, for You Are So Beautiful yet So Unaware of It",0
2016,"Radiohead","A Moon Shaped Pool",0
2016,"Savages","Adore Life",0
2016,"Jamie Woon","Making Time",0
2017,"Sampha","Process",1
2017,"alt-J","Relaxer",0
2017,"The Big Moon","Love in the 4th Dimension",0
2017,"Blossoms","Blossoms",0
2017,"Loyle Carner","Yesterday's Gone",0
2017,"Dinosaur","Together, As One",0
2017,"Glass Animals","How to Be a Human Being",0
2017,"J Hus","Common Sense",0
2017,"Ed Sheeran","÷",0
2017,"Stormzy","Gang Signs & Prayer",0
2017,"Kae Tempest","Let Them Eat Chaos",0
2017,"The xx","I See You",0
2018,"Wolf Alice","Visions of a Life",1
2018,"Arctic Monkeys","Tranquility Base Hotel & Casino",0
2018,"Everything Everything","A Fever Dream",0
2018,"Everything Is Recorded","Everything Is Recorded",0
2018,"Florence + the Machine","High as Hope",0
2018,"Jorja Smith","Lost & Found",0
2018,"King Krule","The Ooz",0
2018,"Lily Allen","No Shame",0
2018,"Nadine Shah","Holiday Destination",0
2018,"Noel Gallagher's High Flying Birds","Who Built the Moon?",0
2018,"Novelist","Novelist Guy",0
2018,"Sons of Kemet","Your Queen Is a Reptile",0
2019,"Dave","Psychodrama",1
2019,"Anna Calvi","Hunter",0
2019,"Black Midi","Schlagenheim",0
2019,"Cate Le Bon","Reward",0
2019,"Foals","Everything Not Saved Will Be Lost",0
2019,"Fontaines D.C.","Dogrel",0
2019,"Idles","Joy as an Act of Resistance",0
2019,"Little Simz","Grey Area",0
2019,"Nao","Saturn",0
2019,"SEED Ensemble","Driftglass",0
2019,"slowthai","Nothing Great About Britain",0
2019,"The 1975","A Brief Inquiry into Online Relationships",0
2020,"Michael Kiwanuka","Kiwanuka",1
2020,"Anna Meredith","Fibs",0
2020,"Charli XCX","How I'm Feeling Now",0
2020,"Dua Lipa","Future Nostalgia",0
2020,"Georgia","Seeking Thrills",0
2020,"Kano","Hoodies All Summer",0
2020,"Lanterns on the Lake","Spook the Herd",0
2020,"Laura Marling","Song for Our Daughter",0
2020,"Moses Boyd","Dark Matter",0
2020,"Porridge Radio","Every Bad",0
2020,"Sports Team","Deep Down Happy",0
2020,"Stormzy","Heavy Is the Head",0
2021,"Arlo Parks","Collapsed in Sunbeams",1
2021,"Berwyn","Demotape/Vega",0
2021,"Black Country, New Road","For the First Time",0
2021,"Celeste","Not Your Muse",0
2021,"Floating Points, Pharoah Sanders and the London Symphony Orchestra","Promises",0
2021,"Ghetts","Conflict of Interest",0
2021,"Hannah Peel","Fir Wave",0
2021,"Laura Mvula","Pink Noise",0
2021,"Mogwai","As the Love Continues",0
2021,"Nubya Garcia","Source",0
2021,"Sault","Untitled (Rise)",0
2021,"Wolf Alice","Blue Weekend",0
2022,"Little Simz","Sometimes I Might Be Introvert",1
2022,"Fergus McCreadie","Forest Floor",0
2022,"Gwenno","Tresor",0
2022,"Harry Styles","Harry's House",0
2022,"Jessie Buckley & Bernard Butler","For All Our Days That Tear the Heart",0
2022,"Joy Crookes","Skin",0
2022,"Kojey Radical","Reason to Smile",0
2022,"Nova Twins","Supernova",0
2022,"Sam Fender","Seventeen Going Under",0
2022,"Self Esteem","Prioritise Pleasure",0
2022,"Wet Leg","Wet Leg",0
2022,"Yard Act","The Overload",0
2023,"Ezra Collective","Where I'm Meant to Be",1
2023,"Arctic Monkeys","The Car",0
2023,"Fred Again","Actual Life 3 (January 1",0
2023,"J Hus","Beautiful and Brutal Yard",0
2023,"Jessie Ware","That! Feels Good!",0
2023,"Jockstrap","I Love You Jennifer B",0
2023,"Lankum","False Lankum",0
2023,"Loyle Carner","Hugo",0
2023,"Olivia Dean","Messy",0
2023,"Raye","My 21st Century Blues",0
2023,"Shygirl","Nymph",0
2023,"Young Fathers","Heavy Heavy",0
2024,"English Teacher","This Could Be Texas",1
2024,"Barry Can't Swim","When Will We Land?",0
2024,"Berwyn","Who Am I",0
2024,"Beth Gibbons","Lives Outgrown",0
2024,"Cat Burns","Early Twenties",0
2024,"Charli XCX","Brat",0
2024,"CMAT","Crazymad, for Me",0
2024,"Corinne Bailey Rae","Black Rainbows",0
2024,"corto.alto","Bad With Names",0
2024,"Ghetts","On Purpose, with Purpose",0
2024,"The Last Dinner Party","Prelude to Ecstasy",0
2024,"Nia Archives","Silence Is Loud",0
2025,"CMAT","Euro-Country",0
2025,"Emma-Jean Thackray","Weirdo",0
2025,"FKA Twigs","Eusexua",0
2025,"Fontaines D.C.","Romance",0
2025,"Jacob Alon","In Limerence",0
2025,"Joe Webb","Hamstrings & Hurricanes",0
2025,"Martin Carthy","Transform Me Then Into a Fish",0
2025,"Pa Salieu","Afrikan Alien",0
2025,"PinkPantheress","Fancy That",0
2025,"Pulp","More",0
2025,"Sam Fender","People Watching",0
2025,"Wolf Alice","The Clearing",0
